rental_id,predictions
7455565,3553.3636770585945
7473295,2335.874863968917
7459804,2865.9396005682897
7456330,2208.033248975293
7443595,3038.020520988263
7502623,2625.861261365255
7459171,4039.9541733687715
7447600,2187.04462261335
7505254,2838.814917922
7454620,2882.5101698987046
7491007,2421.8900867688076
7436347,3165.6411128700197
7466659,6216.910550004193
7490248,2388.9292333407416
7492504,3439.2805319815907
7526425,3415.4932757106803
7504825,2146.639029042889
7497967,1618.3568682172654
7490707,3845.1448416529443
7474345,2744.5326416409375
7472725,2698.1607906942077
7433248,2146.639029042889
7526272,2165.591142313125
7522357,3106.6678369939577
7525759,2578.7987861464476
7466989,2869.611826168019
7457077,3416.576323151068
7439674,3566.1517761053806
7518937,3702.653628933426
7443040,1978.721511265624
7479157,3236.1597267618004
7483801,2990.0780565620353
7474399,2063.4409443692834
7429237,2651.2398728771545
7502632,3760.1911415963164
7515667,6273.858369348889
7461496,1896.5622999524392
7465732,5368.30144041691
7435060,2524.996028768665
7458226,2616.2559484000467
7445410,2336.068361793441
7499251,2440.238080899735
7461037,4036.393692639762
7488733,3882.654982291485
7521874,2377.0081906765
7456558,3428.2059129432255
7450864,2580.6328033256736
7494517,2394.4917163257596
7498903,2578.9964371746332
7432303,4199.484485565115
7512142,1919.0249478079038
7523689,3201.6234794811994
7449199,3635.3911669117
7470118,2325.510630731813
7444498,2726.971885404744
7459210,1882.3000298443592
7477885,2416.812582808326
7513372,2370.0649230292997
7481134,5922.513848644875
7459324,2033.0628917376134
7488910,3744.1800503145323
7486663,2282.5867297096593
7477414,1895.5422313801362
7454635,3024.1488822998967
7473799,2236.740656918355
7461196,3025.5983093516656
7457425,2738.864712012062
7445407,2342.305672105348
7439704,2285.397385317787
7452571,2829.1774143154166
7502347,3826.8462484292972
7518376,2198.381707387904
7446019,2424.009771803793
7521646,3375.3815230124683
7434499,2650.797971771324
7482715,3473.3375325283914
7445545,2423.7428693619554
7494901,3777.878160763494
7525078,2240.630418455532
7438381,2666.08528635221
7442140,3473.1500315211383
7502524,2759.166874213892
7502260,2927.597479098793
7435072,10764.527156586488
7430758,2391.7364363898896
7502443,2423.20072121547
7461880,2431.609392472527
7513453,2982.5289863210805
7451116,2000.4040521214185
7504045,3655.853276569435
7468498,4620.566867609747
7444624,4075.329221580241
7486999,2240.630418455532
7494838,2289.2600508989353
7489303,2454.142806730745
7438267,2781.796886382777
7473199,1978.3747222533498
7428592,5045.266790841393
7461337,1844.9201892915887
7460749,2186.7138597269663
7459465,2777.889691074715
7454200,3010.148106219906
7452784,1948.450343908199
7507633,2026.9989341406156
7499707,3902.0590565845623
7494871,2273.917226679529
7523899,4577.264583924542
7505395,2953.247780691929
7434838,4760.343719472766
7458868,4221.226971392866
7496047,3145.7881988394456
7455028,1890.8164168737378
7455085,2230.072687393904
7456174,2796.8929190227686
7469155,2377.926523602087
7479886,4348.675475338876
7508587,2947.8119117235224
7486009,3551.478020631111
7442338,3983.979957738304
7464823,4271.723369782402
7441951,7765.587823005678
7503928,2280.848435701487
7449589,3830.4107495232665
7430821,3628.1356377434686
7499623,2760.0103907326925
7457953,3191.0070646418817
7428274,3375.8621075696487
7442893,2341.7827087528435
7483291,3492.643257417796
7461025,2569.497680721287
7469401,2223.228155244632
7483126,2737.0592711771233
7505737,5199.154005905882
7463542,3488.5680091682984
7446730,2751.7029142110628
7485898,2249.1468054849097
7521427,2722.7554562216233
7503391,2301.827903786372
7437241,2044.0010290402515
7475578,2453.7806142121626
7461466,3507.3768635374768
7488559,3746.5311043693014
7479541,4252.266807034884
7449658,1890.4562797710987
7487395,1737.9915475291505
7444927,4666.456170729352
7429288,2185.8827163568467
7500592,1923.46176094096
7440085,2485.7278258025326
7453267,2814.8306714256396
7469326,2590.888407316052
7465006,1958.0320423719502
7457725,3172.7099539655333
7466929,2972.1744593888207
7503616,5778.014739249658
7428319,3285.555459669629
7467406,2899.615674040358
7496233,3287.6516417392763
7526167,3101.0212319771904
7431901,2101.7589556549347
7495603,3628.1356377434686
7476844,2850.952744159247
7497298,5825.260324445302
7487479,2356.4742365242155
7439176,2619.2323198686277
7483933,4575.040752188374
7497910,2262.1475329420364
7429591,2899.5076671239362
7489111,3539.5617558616736
7436788,2842.785071555454
7512379,3546.44978979237
7504084,3728.2510160137676
7520494,3977.4576174152457
7518691,6785.675305272743
7523161,2521.97840563541
7457662,2454.133960865523
7474786,2332.7088661307293
7462042,2437.2434455018742
7509409,5157.156180196886
7433392,2723.7007663310255
7518970,3996.5414714902804
7434418,3544.4488644648895
7436077,2980.843091477067
7448752,2240.630418455532
7507612,3347.9163790274056
7489837,3539.5617558616736
7477345,1977.0062997015405
7465306,3707.1321281024166
7509745,3387.910742035971
7464004,7067.353343423327
7524127,2007.288304153087
7439410,3653.818761924213
7509091,2431.953984398602
7462693,2942.480791208325
7468843,4781.841224887901
7455427,3800.377874790689
7437487,3693.0924662704087
7459903,3145.7881988394456
7448014,1862.2401777527684
7522789,2759.166874213892
7430842,3784.240488397833
7450072,4009.6842329069977
7466944,6595.17262464733
7475200,4308.681554411805
7497190,6216.910550004193
7510060,4055.9460788989686
7500163,3829.3927298521703
7499302,2982.18520897612
7515844,3054.915073082161
7465171,2289.7684755801856
7520419,7905.418543073106
7496056,4172.859264578608
7446301,2121.561802053781
7433869,5538.009991690056
7453876,3394.5135651193355
7518577,2186.8565770516016
7484767,2868.2978228683996
7452994,2755.4551781894293
7478860,5263.912950467805
7432561,3387.632587689436
7506658,2605.430398671707
7514299,3079.5881221334844
7459348,4819.450574372946
7457509,3143.096608077223
7473550,4597.019803228102
7522909,4258.580460271462
7442284,6110.404569907424
7468207,2750.8318407174424
7438996,2510.2919856125577
7451857,3772.604531527916
7500499,1986.551094962627
7451497,1974.7724019677994
7447138,2757.289901626235
7500460,3493.4611849860794
7491028,2961.027485823311
7469533,2963.9701717085522
7523344,2345.6844364440526
7445062,1749.9065643620565
7467043,1939.7125415522355
7478065,2941.092496424658
7474738,2990.600000331291
7491232,2342.4811643208245
7504657,5658.220329015954
7496680,2655.0154456165146
7482862,2292.517084071211
7481896,1759.2446917532404
7492579,1753.2929841597847
7482622,3406.9602485004566
7481044,3006.321572944648
7499755,3381.0564611854365
7447573,2429.1242986007733
7515724,1935.091323225156
7486351,2691.790410556289
7451218,2206.8980944172818
7515250,2034.2292516873608
7446835,3387.910742035971
7487320,4024.7547313506434
7495342,3097.954499269869
7520392,2355.117727863491
7440925,3647.960157251845
7441153,1905.1216311487103
7468378,2567.79705402076
7519360,2742.086839560451
7491457,8621.072777668238
7452802,1749.9065643620565
7438003,6667.179371485949
7428508,3524.754970181369
7478731,2530.494792664788
7478917,4028.85303660136
7469392,4825.802532637608
7485754,3008.8459452700895
7503991,3688.8335348787696
7459273,3120.626032339361
7523044,2513.9088187403263
7461745,4723.1791584583
7477003,1970.283107048918
7429963,2492.298424890153
7477372,3771.095510534959
7439656,2173.7629373199425
7441615,9977.315264353289
7466533,3645.97184815977
7458991,3758.7821690462692
7517233,6177.314191983213
7520587,2853.6217036023045
7498735,3963.9106422874315
7438477,3257.1180966147126
7467103,2670.782590054627
7504594,3369.639535212866
7505833,1819.0240674104652
7484287,3179.7626549006814
7460593,2866.819046888911
7504675,2461.9346141641076
7485427,2343.4622656585575
7434640,3330.8470204810865
7466623,4084.13664916796
7524631,7591.7437102946615
7459051,3209.0124739042144
7438939,4807.178919560212
7482130,3167.3585575996185
7484131,2293.9177214031392
7454077,4781.436923446247
7472128,1631.933954163427
7449169,3834.916366671936
7486975,4116.661845720299
7484500,3865.8454012955626
7516732,3818.230634673059
7428985,2988.3930320394684
7474408,2848.4092781613585
7435396,4128.236437253027
7484464,2179.0329264074066
7454980,2617.6814633486747
7444186,3484.802079134199
7433704,3826.259436515203
7446880,13142.199217844855
7468243,3023.508400989914
7521919,6158.649239238748
7438519,3187.6853836890905
7523473,4690.703284359289
7446913,7112.604245491014
7463101,3003.5917847513747
7453729,2576.2865125283556
7464859,2905.36896566157
7465084,7302.710679145971
7449466,2799.1048710996743
7486744,3042.4705323161857
7452856,2176.164771615867
7505170,17444.744165792104
7485361,3500.1330643019833
7522447,3311.2130069460163
7429417,3140.334580523564
7490803,3680.083447718919
7479712,4836.502625389062
7505866,2070.9697111437063
7441723,2220.931738478122
7445857,2342.305672105348
7432411,3661.6544552265173
7495618,3518.212784846951
7491205,7646.521454694583
7463587,2209.6653727901976
7464766,3872.5219636775623
7510696,3197.352612062787
7476250,2893.4995094145283
7429258,1868.6760988889932
7481980,1797.0417247488574
7437793,3025.350106657747
7491691,3572.2380023392343
7431544,2963.829762223048
7430869,6065.544053290181
7493533,5461.782924510045
7450318,2629.0202268253406
7436338,3345.167112505289
7475452,2028.522061800113
7472254,2540.1124260574697
7484395,2529.3837911257383
7454095,3741.2059039401174
7495051,4040.09269393645
7433407,2913.913052907344
7483882,1854.2056999382216
7472614,2110.4010833675393
7454227,2890.9400579098465
7495090,3661.6795742604054
7461919,2701.184657046113
7514611,2589.8394530954356
7441906,3129.776849461936
7484479,1974.7724019677994
7511641,4372.798620421817
7524268,2233.18280315509
7437511,2957.4983401227255
7435846,2469.3731939815193
7521358,2382.3981523341804
7454965,2274.1041842409572
7496668,14183.991650246704
7450321,2658.2331751401734
7449181,2206.407044649851
7455925,2230.072687393904
7449874,3217.893496767095
7517239,2285.397385317787
7439260,2794.0479510597447
7495072,2228.5311818823143
7469539,2590.7103691536113
7457773,3090.579183177737
7461742,1913.2650755096945
7431043,2398.119406741282
7435375,1928.0766771868211
7483195,2521.97840563541
7470727,3005.4288138557563
7509406,1768.9983055569035
7447402,2276.7520662687557
7477765,2953.7672198886157
7521538,2830.848521925165
7520935,3510.834255877279
7486417,2932.7596259361703
7431961,2625.861261365255
7453123,3029.6159283115235
7513069,2217.821622716936
7510705,2150.0832017682906
7517389,2963.7106062560483
7498852,4240.10900394981
7482625,3006.6859955703585
7491373,2733.3805992923963
7492234,5500.064826202774
7490362,2477.0341521493797
7484377,2694.9073827239786
7495729,2789.1907902478933
7429174,3078.3565105338107
7478503,3716.2755943825227
7465477,1536.4230086180225
7438216,3210.92796625767
7474279,5788.448355327413
7431244,2369.9258748401594
7462531,6378.766960900379
7485499,3546.44978979237
7480960,2429.1242986007733
7463584,4087.2033818752816
7518280,3278.9959786024165
7462165,2189.4326434568457
7485103,3368.7827057955187
7453735,2388.9292333407416
7475206,2470.780630636724
7483141,2617.702268269997
7490623,2540.1124260574697
7465708,2319.496876366752
7464019,2112.1808012999213
7466620,3059.4138481560917
7525567,3289.986041582924
7478245,2957.4983401227255
7510474,2929.6968013281667
7453762,2269.30117705254
7513057,2506.120905389326
7456996,3682.565115024609
7484644,2098.2731235757083
7465381,2674.121802812922
7467373,2578.9964371746332
7483003,2437.640685630151
7500601,3710.852757291267
7482259,3922.847962555923
7483159,6391.4838930240285
7478539,2524.8569917782593
7443886,2793.652520546755
7431037,1503.1289972130814
7501825,2635.751693926579
7484383,2201.8417221460027
7438777,2713.998700396929
7522885,2756.1125056554006
7434523,2240.630418455532
7522174,2050.0685631081665
7491952,5564.7628692795115
7456825,3655.1738885758064
7470232,2473.8912654630285
7506949,4535.693034723994
7457344,6207.981755752382
7500970,4716.943105966066
7494541,3358.49570320687
7503529,1914.9655005876293
7501516,3018.5726376216157
7443847,2811.065935019911
7504567,4234.537611500511
7509160,1728.8606589660503
7479787,3432.937918633209
7462234,2719.250718655053
7448005,4282.488954092248
7479469,3655.1738885758064
7486423,2966.184507122772
7510423,3465.223692355192
7483285,2291.2404326629508
7521928,3058.2048905297875
7518400,2313.346056282294
7502671,2552.3634907344376
7487875,2336.2437388262647
7505332,3469.7057982097085
7443985,3318.5582441361635
7525774,2697.1521137082977
7465072,4968.365071597131
7511860,3599.0131416801664
7510459,1903.5114617060315
7457380,2615.0464733223184
7450813,2019.0090042554843
7469848,3785.9728708023727
7472542,3696.946164396128
7497859,2973.3468234272823
7512139,9150.897650149584
7474987,3093.9118080673156
7455826,2190.6742269658985
7456957,2190.597767431908
7473631,2484.745659877497
7492438,2357.964187675407
7438219,3006.321572944648
7431685,3405.3971172046295
7483927,4031.867724132655
7482145,2975.3476865679477
7464847,2948.3941923020802
7467430,3635.2939058067736
7477744,2429.6426085374032
7464673,15943.095492358472
7460932,2367.2175938810997
7455985,1861.933992790845
7513000,2390.060707146851
7498723,2472.2754006856658
7459582,3378.146196020994
7466653,2314.07896846334
7473607,2693.8242601018574
7519606,3054.3941774741725
7481377,2823.3612176258457
7431463,2138.589237416352
7445587,2355.117727863491
7442134,2738.4948246819513
7518013,3988.070028500835
7482025,2936.553910009202
7462813,1624.6925756945802
7467247,3171.831894974454
7457011,3389.1391541024786
7464547,2855.9866671306213
7506769,4131.97034873754
7517386,3326.0640831922055
7502689,2941.118679603716
7465441,3566.7767208542396
7493404,3398.7552287530903
7497694,3946.24300016477
7509568,1595.68337433055
7471510,3121.047365875385
7445854,2958.8715840989203
7494796,2924.4112671606235
7437994,2746.5146025822164
7450609,3025.4949985410217
7486267,3830.6832089549503
7510153,2761.9208055533513
7502038,2110.2753426843124
7467094,3366.1611814112866
7437229,2867.4327201266055
7514203,2333.0685842063413
7446901,2217.821622716936
7466893,5438.88309697537
7456342,3693.5328381062573
7486801,2675.3749282889835
7506916,2799.4870140243465
7442215,5683.277472459446
7440868,2600.4751064323295
7515178,7695.163145031918
7483621,2887.2679922906
7514578,2578.172082528973
7502446,2963.829762223048
7451995,2591.020934849563
7447285,2386.3464536881897
7495015,2596.954230929687
7518631,2441.0484497254783
7476442,2814.02606622138
7469572,3747.1798366692196
7451230,2101.7589556549347
7489279,2938.7458103437966
7513108,1835.5104860489964
7433668,2367.2175938810997
7451956,2234.199610319101
7475107,2134.4594948667836
7446811,3241.8930119230045
7516117,2803.0800124942834
7518820,2335.7282620751075
7438684,7546.312889538181
7483327,3550.025120721237
7466005,2268.2991013680657
7435339,2850.952744159247
7437013,2842.785071555454
7451191,7221.216988908749
7471774,4413.984371916385
7439044,4416.897621423526
7512625,3510.834255877279
7485943,2587.5115327870285
7523248,4175.897709551087
7500229,1804.0372585313728
7500739,2693.793960087172
7514761,5284.416502733386
7483363,5272.04221963502
7439683,2740.8257717785295
7505323,3742.335053161607
7464757,3255.81628494651
7510219,3473.516171733287
7511812,2203.2345646537665
7445182,2100.6348354063484
7449931,1553.702640060005
7453216,2562.032276154211
7497580,2474.247548532679
7488331,2590.7103691536113
7464217,2715.549556916882
7437187,2635.751693926579
7524343,1913.2650755096945
7430311,8009.074933480565
7475704,3577.319870304119
7495531,1992.1852262440066
7445446,3080.2907890522606
7466968,5324.294308545612
7482874,2445.590468679677
7523158,2391.8082859955584
7445167,3835.9596866983534
7466572,1958.0320423719502
7446427,2374.303405932685
7469695,2927.7598890391746
7509220,5417.01595764779
7473697,1968.7586476027384
7437958,3077.0004469809633
7513429,4666.518860397929
7440802,2507.5735155501907
7461127,3058.2048905297875
7429555,1669.459542556836
7518394,2739.6283304470007
7475695,2458.227395694946
7508416,2662.44843021093
7428703,2287.894836191092
7481110,2530.4935012478054
7495096,3758.4626890080754
7502551,1837.8647749579377
7465438,3461.1089211060603
7469458,2380.8353286556962
7444450,2578.9964371746332
7431652,3790.0352993733554
7430872,2258.4077099944216
7466200,3993.9400160453692
7473145,2230.876804651869
7441375,2507.087079481438
7500955,2890.2415158652016
7439575,4984.545341336871
7449394,2970.192026498056
7482328,2534.178316589293
7437115,7969.286501914104
7468804,2739.6283304470007
7515739,1939.9019716349765
7483495,2114.8550758346673
7498804,1926.2707574579545
7517179,2012.4348514027263
7458169,2431.1219113182365
7436305,2728.5747071015617
7430611,5294.905501524703
7522369,2801.0287502287188
7463638,10314.362952112795
7515022,2541.37401637083
7456927,2617.6814633486747
7508488,3639.4584040021714
7504684,2822.65665793697
7473562,2487.2225958514746
7433215,4178.085145403531
7514143,3364.3721972089725
7508371,1907.673290765818
7474774,2746.5146025822164
7449346,2192.2005750218127
7457917,2955.7050846049324
7514836,6725.61643319113
7525597,3025.5983093516656
7447171,2923.24873604983
7443286,5516.896593191776
7512910,2580.0129967745947
7503424,3495.613188991088
7477984,3691.0368955897866
7449361,2951.2594899940036
7440355,2262.1475329420364
7475218,5455.857042568465
7474549,2793.9075415742404
7472083,2793.2735072188375
7440322,2791.392022887872
7513768,2960.5245489560675
7477543,4294.176263125787
7492906,3311.6166391902593
7520047,10293.659806399604
7497886,4047.7658528278143
7521091,4053.792844147879
7502230,1890.4562797710987
7483222,3121.047365875385
7445098,3730.1012172712794
7448416,4937.183205878402
7511608,3566.7767208542396
7457296,2168.5335592329584
7488793,2803.6640257103563
7525276,2700.900721074526
7454878,2751.577349244607
7508983,3042.1431127972046
7524847,2588.2591636784946
7499848,2979.12373750216
7464802,2978.7769573888568
7459588,3473.516171733287
7499431,3693.0256450969086
7447831,4644.974485468026
7477045,4293.590509109982
7462696,2947.8119117235224
7506775,3598.648091629384
7519693,2856.8161063693055
7522114,8050.083030488521
7431787,2735.5110632387486
7506604,7627.529890959314
7451101,2472.487711501545
7453510,2386.045026218909
7463353,2575.1722864730336
7446400,1729.7049598511842
7506664,3137.5308743649557
7494439,2336.068361793441
7453312,4393.519638984578
7526140,2339.0998773639653
7452541,3140.334580523564
7513006,16717.54349530143
7485919,4469.35731470651
7511632,3641.0604577599
7490908,3552.6625375191884
7471507,5380.582096000204
7523752,2625.861261365255
7441912,3080.2907890522606
7445944,2933.075565666871
7460767,2240.630418455532
7446259,4429.965178542056
7462783,2729.5854464751287
7505563,7602.9050922094575
7496194,2781.796886382777
7433260,1797.0417247488574
7441807,3563.4589381495393
7520488,3172.6051606075907
7439983,2474.1856788410755
7512100,3094.980844844974
7495222,3466.0672890150236
7498003,3574.3904294627764
7451845,4484.981615238622
7471072,5775.369449528384
7503238,2165.591142313125
7498453,10387.663780865223
7442662,6082.006133788585
7493803,3537.4227900666974
7464232,4926.183361306202
7474831,4316.396232110714
7462066,2445.9870480082627
7489261,2729.5854464751287
7510816,2763.5444779499876
7483483,4030.8828718978734
7472671,3057.5414693730436
7466995,3542.660123653027
7439440,2475.141093400914
7432444,3259.937185787467
7438087,2961.5546060823926
7439527,2808.8547367400492
7477960,2487.3940999389783
7466287,2582.621602933111
7455385,2205.222845669984
7503409,2772.114773908474
7503643,7397.010731591991
7508503,2618.6667855048763
7478074,7678.413979539234
7490719,2437.640685630151
7470130,2581.4516884371196
7438789,6186.996210648506
7519465,4243.034961205547
7428838,6150.342733921632
7457467,2454.6192538635987
7481725,3577.8496198071643
7438504,2594.935044542978
7444402,3319.9516726867087
7523311,2617.6814633486747
7480519,24292.381066486705
7496269,6444.88054459131
7503739,5542.584463192514
7448575,3226.835517009187
7457041,2875.247100981739
7499338,2350.0821433976243
7506631,3650.3183728613467
7501480,2299.8177819605635
7480441,2988.3897843158506
7517593,6104.212698919425
7453675,2835.43986345434
7458598,3524.754970181369
7479466,2795.4490002150283
7464676,3045.8122163154817
7459033,3746.8150403408886
7476415,1656.4263091463479
7442380,2735.5110632387486
7486471,2050.202731310169
7479439,4046.330004248357
7478413,2563.8718824059933
7498450,3512.5039055044012
7474810,2763.828413921575
7442872,2423.6895776113934
7477381,2209.1687598458134
7501600,2853.6217036023045
7463785,12551.506905795293
7518928,1929.2185776928702
7454350,7529.625438270408
7467697,4527.841392515113
7518529,3553.8811247671288
7428499,2499.169609896814
7441162,1866.7693112446611
7523704,2459.3840485964097
7498759,1890.4562797710987
7488235,2631.954734497033
7444399,3095.014268785195
7477822,2578.7698701725953
7508038,2750.8318407174424
7507933,6876.545434703268
7460218,1718.9415186967212
7490725,3270.9728633908267
7499452,1958.0320423719502
7487488,2481.161452735252
7475797,3826.8462484292972
7516921,6384.866184690746
7461520,5180.807376016239
7503865,2354.556736782316
7497145,2651.2398728771545
7446010,2646.2131052399354
7469680,2156.9477681621765
7496665,9728.5248680726
7433905,2930.440489765453
7505764,2498.911928821737
7519312,2393.086393332664
7526290,3129.6479229022934
7496812,2963.9701717085522
7481740,2957.1057021069514
7506526,2277.0328263921597
7521166,2285.397385317787
7431580,11978.320400630966
7456318,2284.8705867947547
7483306,2262.4975577831115
7485490,3321.3789457119137
7500802,3468.8472069871286
7443355,2417.0067892327934
7515619,4096.819456525893
7516924,2537.110878357588
7490779,3090.579183177737
7441486,2261.3978701618776
7466341,3008.596729085303
7497121,2617.941870854626
7449520,3398.117575675882
7453027,1962.5213372908315
7458331,2675.803142693575
7500493,2342.305672105348
7502881,3132.360685765207
7505338,4533.610314840797
7437982,2179.0329264074066
7483672,2165.424540532118
7495252,3010.898528983045
7434496,2600.4751064323295
7445347,2546.300796225476
7495363,5283.233104374228
7428859,4081.3305660052697
7522444,2341.2780593566536
7459801,2745.3714783420623
7513042,2783.6530501939205
7518043,3871.4604722746735
7523320,2273.017764291955
7525888,2353.352439879027
7509100,2356.107593302269
7449073,3747.849293242369
7444318,1686.4309182643203
7437835,3045.8122163154817
7459954,2997.3761459349494
7430917,3826.8462484292972
7476889,2160.633869049282
7495708,2605.430398671707
7495867,1691.2325550778874
7510732,2838.6745084364957
7481932,2086.2866363164803
7453555,2568.254824750485
7481359,2101.7589556549347
7496416,2917.363000624849
7519567,2169.2865763801615
7503934,2781.8262380393785
7508674,2507.6847055092094
7521865,2864.324551888475
7511566,4080.6678555470394
7441129,3025.350106657747
7477816,3228.1158644784296
7475971,2935.910413184337
7489795,2822.052080026656
7473766,2336.0165412409456
7475779,2090.2980475011373
7470277,24249.043738093747
7473259,3140.5345615017577
7516006,3016.4553389847274
7512058,2307.71711193409
7505590,2315.386567866534
7454356,3006.3191921159632
7475116,2826.563853245032
7447774,3499.0512747496005
7458388,2043.620622799241
7456459,2752.9867468883594
7449115,2796.891459032985
7437643,3140.334580523564
7464325,4173.704318360908
7471852,2572.4779750927446
7500250,27889.625503270618
7506415,2721.4069471029356
7493827,2348.916455508179
7433473,1951.9636062292034
7444408,3063.421730063336
7441642,4321.292895837645
7498249,10018.322345690767
7499395,2959.362705747798
7468408,4936.590659096948
7430188,2521.801119011635
7517479,2572.935301407742
7454536,4941.626636814375
7484284,2229.1502598172738
7458835,2173.7629373199425
7350481,3098.678946823222
7516471,4943.142308788269
7467691,1902.7073444480666
7440388,2602.697284319885
7472059,3108.557582698149
7480810,2610.1786687057693
7483021,2249.1468054849097
7449385,2039.7614083616136
7481431,2716.028188823436
7506361,2083.617445076772
7496215,2654.9393248254555
7465390,4121.815122269756
7450675,2325.510630731813
7453297,2791.4129610333885
7524022,2843.845441063818
7484392,2454.133960865523
7438510,3872.0525916283536
7482313,2250.2464931061436
7453474,2198.381707387904
7440943,6375.434419784252
7503829,1992.4155780655942
7458280,4113.391697275039
7438411,2827.1890497098066
7461412,2024.0517718729313
7437634,5596.402576496909
7443097,3564.748383016017
7466269,1901.3608752434411
7451854,4134.554185040812
7518862,2969.162242093225
7452604,4059.002121050434
7470883,5041.563372876094
7510495,2781.796886382777
7485454,13983.559349957999
7496509,1849.2970659862685
7464460,3287.821480101096
7441720,2942.8317843826603
7467292,4064.3945861366856
7454308,3082.8161249222303
7474393,2146.639029042889
7432672,16359.281103559042
7462552,2972.912911670469
7473736,2710.65832917065
7464763,3785.9728708023727
7489822,2461.9876132521276
7469194,2948.3941923020802
7465162,3779.0125488597205
7483513,2578.172082528973
7472086,3007.356392895452
7504150,2261.3978701618776
7455355,2824.865664227086
7518904,2752.688004528586
7474354,2625.861261365255
7466524,2787.787898582783
7523452,2798.212368650082
7481356,2610.1786687057693
7469857,2566.203314898251
7519753,2401.7896207760805
7437199,2641.056233850336
7507393,2289.1640197087186
7430455,2698.6204008097943
7524517,4046.330004248357
7488694,2854.1433771435313
7464034,4058.391287160097
7457227,3085.760504179549
7449757,3920.224981327174
7498591,2452.470808788789
7461859,1891.5560667719683
7438858,4402.257723060348
7508347,3705.469900197916
7491664,2900.6506952776635
7443535,2156.9477681621765
7462660,4936.590659096948
7517137,2285.397385317787
7476301,3167.245261289951
7459576,6391.4838930240285
7480249,2378.035766282623
7471309,2706.7681883589094
7452322,2939.7503394008622
7500451,2370.4995954671426
7477702,2546.429381266261
7437103,5411.547141665539
7461793,2070.0653181677853
7461973,3058.2048905297875
7473946,2808.8547367400492
7457638,3414.4065020751214
7452988,1951.9636062292034
7510435,2159.531604465448
7454023,2865.8727682792723
7430482,2605.430398671707
7433830,9685.387106135262
7509817,2591.020934849563
7488412,2081.215755634587
7429165,1951.9636062292034
7445374,5617.509407322883
7477567,7630.845194931493
7476448,2218.1817598195753
7439155,4210.939877897212
7498534,2826.563853245032
7479376,2886.1914572877645
7439365,2846.9565946291027
7489600,2987.5987512449155
7478236,2600.4751064323295
7495507,4647.753596032534
7467133,4137.94051650884
7486840,2145.1290326553903
7466107,7637.7624081727145
7518310,4794.11384770931
7500763,2926.533294457391
7430761,3382.2625004423676
7452124,4444.781903664082
7462585,2145.1290326553903
7503148,4807.1539247780465
7460089,3470.082073694069
7442890,2575.1722864730336
7525273,2146.639029042889
7492477,3691.5252901815693
7500736,2924.3741983383684
7429774,3259.937185787467
7438981,2338.1767314910144
7430524,5022.525277740718
7505020,2641.056233850336
7519135,1834.7977156532618
7510651,2802.9776317793526
7508209,1887.9413944156652
7512340,3005.3669776325637
7432519,3734.2455819974653
7507249,6311.752246418733
7497040,2866.7869665568355
7468810,3499.266268082815
7507963,9127.954317525731
7511710,4639.113057060577
7468063,4993.365172691208
7516000,2909.2720025373746
7446418,2976.464446618532
7433368,3379.0495713936134
7488967,7647.827147369866
7518298,2313.259566054845
7512421,3737.1313491646474
7501165,2443.8345485507816
7478461,3171.171512272031
7440214,3351.387126780077
7428607,2696.1474989188473
7515514,3362.261792320153
7477366,2660.5298390408734
7523155,2675.803142693575
7463722,7938.262496200484
7431460,2808.8547367400492
7501300,2893.4995094145283
7438918,2424.6418359609047
7485178,4019.2369619507485
7459189,2579.986747592647
7457548,2057.2396220907967
7450444,2134.4594948667836
7512859,4293.590509109982
7453738,5215.9582682278815
7446490,2430.786646593408
7470256,3846.053590038954
7471183,7265.140016666588
7444204,3964.657737150868
7467379,2960.661846993501
7497883,2562.9212217960658
7475236,2668.9839442882953
7449064,3586.312324170054
7511635,4298.514883516156
7478371,3378.229030968841
7491925,2043.620622799241
7432429,2176.164771615867
7452577,4184.349857653505
7456390,1676.893512808197
7504138,5426.632032298402
7454746,2831.257656933057
7511653,4111.632901212373
7489027,2326.560826022967
7520782,3440.4150880509906
7523755,2802.909685093173
7499398,2887.992659073915
7429012,3693.100123802124
7482262,7118.752610719136
7506286,3278.0257349209373
7458571,2458.227395694946
7466218,4987.909275650523
7449880,2938.2664762767836
7504501,4394.368149398655
7494826,2159.6327217665735
7506739,3096.7216859042232
7444438,3553.3636770585945
7459129,2634.0315423682114
7521409,4139.839524995338
7443124,2759.166874213892
7503679,3222.7672313632497
7490011,2682.204918542489
7526119,4026.72641632062
7514095,2344.5847488228187
7513894,2821.5232119011566
7515091,3032.4566843980015
7430551,3866.2399470268388
7524220,2807.7094627711613
7469272,6391.4838930240285
7441228,3517.0620332080034
7464343,3487.2640285663756
7484917,5712.480737684997
7442770,2923.4594910162596
7526215,4064.3945861366856
7430941,3457.3955470909555
7434982,3063.421730063336
7428850,4947.0358980236
7482859,4515.9277953584415
7506589,4125.733038425633
7449916,5106.73553562007
7500211,2868.779617301725
7505629,2342.4811643208245
7460293,2351.494610194089
7491523,4027.1318778660425
7479355,2292.5382618495987
7518535,2198.9361642197323
7487806,2586.9139067592573
7493788,3928.600724881533
7515712,1792.760063443785
7502161,3011.442568220817
7484005,2026.3226197301256
7497322,2438.040200608958
7485892,2234.199610319101
7468447,4080.9660715633745
7439752,2842.785071555454
7437886,4086.932615867963
7438171,2270.766232733029
7492453,3142.9184168268353
7477321,2742.086839560451
7504411,2165.424540532118
7429786,2841.031419553046
7493644,6375.434419784252
7497286,2342.136279406912
7483198,2491.0133599700757
7439458,2485.1889130666696
7501177,2334.535442442441
7480159,3102.8411334956845
7518640,3422.678717025006
7456483,3023.9661661786563
7465222,3366.6315616711677
7489399,2616.2219774312243
7469854,6939.010390955225
7431751,4271.723369782402
7488205,2224.376451971193
7494553,14892.296630750154
7462456,2519.710494601122
7437853,4965.923044337623
7501753,3263.099148092152
7474687,3002.069555786499
7484314,2421.0257528121856
7440838,2032.6447095068686
7506952,2220.8118630294493
7442878,3484.889898291035
7509685,3092.5418537292285
7510405,1618.4403609592878
7483858,2804.7773575949477
7517725,2434.8116177890015
7489927,3360.0867731608214
7515961,2654.9393248254555
7521805,2156.2374065482613
7477012,4035.540435715091
7447552,2222.1955148249936
7458952,3458.7093860529826
7511950,2443.8345485507816
7463593,3240.235912158565
7490311,2811.811185178754
7520542,3146.2400977796265
7483759,1958.0320423719502
7442242,2907.7719239670964
7469491,2513.1298198565805
7513156,3103.1257352152447
7479031,10289.309351834137
7523407,2485.7278258025326
7441030,1765.6764528339108
7437418,3060.5422869175877
7478149,4268.103976785152
7429822,2777.889691074715
7477897,3515.744880966494
7504648,2822.052080026656
7484548,2402.171941322503
7482973,1656.4263091463479
7496122,2660.5298390408734
7513753,8320.441316312235
7508788,2963.9701717085522
7470925,2591.7674146289232
7433299,2854.3853963420465
7431121,1835.9367553256802
7461694,2335.3467611809256
7495753,2402.4897934185074
7496059,3145.7881988394456
7469785,2421.1705719427964
7467478,3086.8141984444974
7463692,2424.009771803793
7473583,2645.2420732945848
7495771,2930.5807197056924
7475101,3226.835517009187
7440670,1978.1170980155116
7477531,2866.7869665568355
7430662,2849.2970769009944
7522798,2616.2559484000467
7442626,3713.383932947249
7471228,3499.0512747496005
7486621,4123.8477321528235
7434628,4543.214463036858
7431247,2987.5987512449155
7519090,2033.149295196395
7449043,2353.625641948313
7499173,4403.27396871048
7441324,3017.679878532724
7506727,17297.284445026835
7475470,3036.217230855624
7520932,3886.964809367761
7464832,2932.7596259361703
7525738,2839.6912605560624
7431181,2761.9542294935723
7438798,2972.202940732625
7523224,3203.9724774694655
7525120,3790.9004281822204
7473703,2665.7499182539436
7491718,2831.257656933057
7452529,2465.606484087928
7454827,3543.709182183633
7492531,2621.4496602317
7460710,2975.3476865679477
7433485,2832.2664911046913
7506823,2079.65754227498
7490911,2357.3637946066606
7473700,3426.928850781749
7442155,3522.6109263133985
7520209,3866.0643342426356
7480549,1884.8182856389874
7525609,3785.9728708023727
7457503,3657.574571316876
7476604,2682.204918542489
7457203,3149.7963648689947
7437073,2436.5182024658898
7492411,2240.630418455532
7477273,2621.4496602317
7495546,2005.5126750629984
7459300,1812.7867570985584
7493584,3217.907318329011
7485502,2437.2434455018742
7435828,2907.7719239670964
7485967,3045.8122163154817
7484248,3226.835517009187
7466611,2205.537156213039
7447288,3055.0112959206594
7490923,3413.206056436558
7516525,2511.420674573782
7469008,3117.525784784968
7441945,3127.5301709704822
7467049,7532.818527544788
7525546,2779.813653354102
7441690,3145.7881988394456
7503676,3371.850733492728
7446304,2349.870282990362
7495519,2307.71711193409
7451824,3839.252753471479
7505104,2452.855132434142
7446097,2845.795717090974
7470637,2053.2547657470786
7523449,2790.60232830726
7438780,1884.7427885294408
7472428,3282.340215174209
7452853,3263.885602574431
7524055,18996.313157902263
7521400,3362.813377001433
7499593,1890.4562797710987
7442458,3163.9400953073505
7455424,5538.009991690056
7443214,4046.330004248357
7511296,2656.0909095369125
7478467,2244.67872584879
7491982,10283.74078198141
7517290,2965.438146930596
7492267,3321.1005209309465
7430818,3680.083447718919
7430251,7117.645639237135
7488835,2165.424540532118
7489447,2488.311662105804
7525363,2386.4258552419346
7453108,2185.8827163568467
7481668,3301.28258942935
7474450,4885.916924809404
7459864,2912.338735244696
7468558,3210.516166686282
7438873,2554.798358452326
7498090,2207.609948881411
7442977,1996.2253188710717
7496272,6868.933836040327
7431001,6357.847362918237
7501144,2086.2866363164803
7489876,2208.4281460159123
7477162,3427.029467304623
7443514,2661.8488145794154
7438966,4623.483470428162
7516606,2043.1342525213051
7473943,2935.826358643492
7483567,3812.5331324472095
7442479,2387.0726389676033
7498384,2193.1212327744915
7447744,3644.189722755905
7428595,3217.907318329011
7444396,2832.2664911046913
7476784,2239.3931916812467
7436785,2842.785071555454
7467229,4058.391287160097
7487530,3125.64934676136
7503121,2840.0974248919215
7485007,2354.556736782316
7485448,2802.2973392164226
7453306,2278.989367985983
7513954,7117.645639237135
7435639,3894.3868810314602
7501174,2999.191503543849
7468111,2541.296864538167
7471942,3234.070146027902
7453864,2148.713983987848
7475626,2953.575270842728
7510930,2571.5789354460576
7518736,1877.0144956768174
7442875,3018.5726376216157
7525111,2453.813435094618
7429750,2190.289820656002
7507207,2148.609371374352
7476952,4021.822557652092
7489951,3493.4611849860794
7476487,3771.095510534959
7475023,4058.1572758247785
7453582,2406.3155028621773
7474708,2365.582916561174
7428526,2242.6576244827284
7458487,1768.9565931944858
7470052,3306.967624570692
7453303,2188.097156928902
7462108,2447.9788663297645
7432612,1981.1877025212607
7519936,2838.6745084364957
7465759,2521.97840563541
7436101,5381.78823573835
7502140,4175.638394141639
7490485,2342.305672105348
7430809,2289.7684755801856
7499080,2540.1124260574697
7444729,2466.4940364216145
7453822,3492.2777498582172
7432963,2958.3996282614735
7435813,3022.163777515814
7453258,2059.202664084574
7466647,1696.1471600845164
7451869,3025.4949985410217
7492321,7368.786087942338
7469683,4779.962481261109
7456843,3255.283133548537
7446616,4260.630303909086
7467700,2399.323703644571
7444093,2842.245419388394
7485358,2623.5368370348506
7472971,3063.421730063336
7457419,3673.4724817994534
7484545,2648.4646481646046
7452607,3412.10700589397
7440901,2600.4751064323295
7475584,3839.252753471479
7432879,3257.9369121811146
7440142,2951.7191070315844
7515754,3083.871381626516
7444420,2741.8365111520966
7479958,11204.763361391413
7476601,3263.099148092152
7451893,3561.9291321487435
7481017,3152.585645200532
7472422,4634.610441541379
7478653,2769.829757677396
7440613,2242.6576244827284
7514140,4024.7547313506434
7433554,4523.913225787848
7487461,2488.311662105804
7459549,6436.250859886283
7500742,3178.4337670806494
7447981,3323.3787160812653
7519015,2890.2415158652016
7432627,2808.8547367400492
7476961,2837.6875655281538
7513552,2632.5170560163315
7495591,3074.656169149226
7431535,3274.35239444842
7523758,2742.086839560451
7429303,3270.3808077963295
7477501,1740.1529505583935
7442935,3774.9306583723674
7472479,6180.119556988396
7444708,2542.519290339718
7443316,4012.4984699893967
7511092,4375.6549303934935
7523740,3678.4977054035216
7450456,2179.0329264074066
7445584,2166.6238477182496
7522366,3458.6777141665266
7515865,3496.0669132035687
7499125,2831.84451818299
7472653,2282.2945203895106
7460584,2627.340216916021
7447255,4004.757151648949
7503550,2697.1521137082977
7466902,2598.8231674854783
7457056,3255.283133548537
7465498,3112.4622807711853
7492822,2700.900721074526
7435381,2550.126505669146
7453492,2682.204918542489
7487221,3199.073534246199
7502863,2390.651633094095
7508527,3636.4575932131206
7462678,5037.296259091454
7435039,3152.585645200532
7444738,3064.4821839652336
7515466,2650.689900980166
7483213,2537.6030719092987
7462519,3745.121702990906
7473364,4451.143271024682
7480192,2354.556736782316
7432729,2293.390993608144
7510633,1784.7419271790948
7512313,2646.0323317210336
7506856,1981.0097122797063
7450426,2467.7119699224863
7435348,3659.1227751535307
7473964,2342.305672105348
7513549,2448.903122414618
7431379,2786.8538064227064
7433764,7945.139149860594
7430146,3011.181215073905
7497931,9231.512704752147
7501081,1774.435090789764
7506049,4048.77531998395
7435867,3058.2048905297875
7470799,2644.16662550689
7456012,2547.417703934611
7505335,3815.1861986339945
7485088,2382.3981523341804
7479751,3436.997080462408
7461244,2930.5807197056924
7457242,1843.7518027638937
7459885,3097.954499269869
7432399,2846.6888596416256
7452169,2041.8643345223445
7475008,2285.0525968203196
7524241,2519.650316399735
7441549,3074.1057000693063
7469707,1823.2406542728863
7450300,3339.0120216894848
7495951,2062.453795987137
7447144,2779.2359002929247
7462303,2963.829762223048
7453174,2571.7322386545507
7491424,2917.333825043803
7525042,2744.5819871491294
7460419,4154.04648809458
7464403,2859.7835882956397
7526230,2966.675601358562
7441213,5016.152447148198
7522408,2767.8291466301207
7468402,2575.1722864730336
7503379,2578.7698701725953
7463467,3946.8260234468175
7523353,2923.24873604983
7449643,2603.4156028920174
7525603,3572.6273516130814
7498561,3657.1401742363205
7450930,1857.015697440998
7460755,1935.4293857571195
7439740,2892.729843104867
7507693,2255.399738927127
7511128,3537.7746033568214
7501270,3577.8496198071643
7450327,3715.566058703967
7518490,6965.070150531423
7471351,4114.839712890635
7469812,4131.97034873754
7442230,4028.9285072711154
7481857,2799.2112039559843
7474495,2998.7444666794468
7521586,2644.409882623649
7457950,2959.369525112426
7444627,2818.470811390661
7442683,2544.7928282745993
7522066,1913.2650755096945
7501711,2507.8542677356168
7483612,2966.9807863276847
7492297,3208.619472360852
7433950,2251.621684044325
7512469,2217.821622716936
7443451,2269.30117705254
7433530,2893.4995094145283
7431133,1968.7586476027384
7499641,4209.119747596322
7495744,3275.9285987608814
7433599,2256.070290587192
7510249,5465.106855820058
7439350,3884.0197203337343
7525999,2656.0909095369125
7466290,2675.3749282889835
7438450,3278.9959786024165
7457218,2458.8598760875843
7465201,7334.806168852151
7431118,2032.2456829091334
7431589,7669.263860582681
7443349,2831.616812731572
7468078,7284.2677350036665
7436485,2404.0593506725263
7525936,1925.5161401866624
7493200,2689.4200157440355
7523947,2975.3476865679477
7461169,2181.048247433625
7435207,4130.808054095478
7437481,2777.889691074715
7510834,2560.4118676478947
7524037,2014.4356972223195
7485349,1742.4999505896594
7439893,3552.7217985226303
7524439,3050.5627397595163
7456615,5322.69592261115
7512226,3940.5887131349104
7512676,2213.3945676312433
7490260,2451.842121805879
7507651,5822.324352864553
7505344,7560.877546337704
7498051,2961.5546060823926
7436230,6211.621009398363
7430767,3689.4237628500728
7475653,3254.3180925476977
7444816,2181.067440246939
7453132,3121.047365875385
7473574,2264.781761715192
7430965,2006.8348602578483
7460455,13545.58673437578
7436146,3111.953371161501
7431508,2285.397385317787
7474828,4316.396232110714
7463365,2966.411100269615
7433119,3750.319119924279
7454884,6432.357270650952
7500331,3853.0879506363153
7523767,3524.754970181369
7516294,12894.270869890817
7451770,1653.898449016889
7428598,3228.660488165064
7523038,4784.370544642384
7477279,1895.1235649315342
7454071,2022.7222849002867
7507558,2709.9412232622108
7513702,1617.6691139405934
7459930,3125.621187417493
7488715,3542.660123653027
7468327,2336.068361793441
7451386,4587.604989417931
7488688,2551.586330393019
7508764,2533.078628968059
7458931,3868.6283744422317
7434793,3752.3759035950097
7520167,2802.909685093173
7504573,4406.313499565216
7429633,3845.8195787036357
7485817,5874.431201484993
7497916,3499.0512747496005
7513054,2269.23575418232
7514608,3082.423051626762
7449070,2679.02872357097
7433614,2717.3163713750237
7509637,2211.1119267154627
7428673,1950.0648407525866
7439389,2262.1475329420364
7455904,10289.309351834137
7429531,2635.5683697104814
7463020,2225.999265870774
7477909,3175.5829203852486
7440562,6498.034740581062
7472521,3364.777880104496
7456090,2645.2420732945848
7524082,5607.256662597334
7518805,2498.911928821737
7445335,3185.1015473858192
7500718,2697.242067616563
7512697,3233.754478036089
7485346,1742.4999505896594
7443928,2458.15563963379
7518829,6353.590015954184
7466470,1761.9295473949257
7459492,2425.009883182004
7448650,2551.586330393019
7482085,2407.6790684566654
7429402,2968.9787803984095
7472206,2263.165395768558
7432846,2690.791793796923
7492390,3564.131502598551
7493821,2897.7841780946615
7463395,2142.797891654608
7487968,2265.5624268873435
7463014,2203.190470132178
7440913,4967.7590699523635
7431820,3468.8472069871286
7507684,3733.4403498979195
7492564,2335.3467611809256
7483879,2811.811185178754
7525600,3137.7217292351284
7467991,1903.689451947586
7472188,2429.3240549912452
7502425,5295.484169051196
7521391,1877.0144956768174
7517197,2572.0941619713103
7481848,40270.88551972176
7499296,4084.9142515683698
7524178,2466.962691091081
7474084,3596.6889524835574
7516090,12463.83785388958
7482946,1891.5560667719683
7495600,3628.1356377434686
7512751,2544.4487475806877
7452976,3435.504226899192
7511584,4298.514883516156
7441696,3756.8488519302696
7522735,2320.93250308003
7484386,2433.671851207788
7468267,1589.7196737244906
7513135,11700.826223388105
7502746,3210.483541546516
7455724,3656.903343885263
7488706,2935.008482727457
7456894,6197.121326739579
7450363,2625.861261365255
7485001,3280.5079737331257
7469788,3534.4299521836733
7441384,2197.890657620473
7447915,2665.270806658218
7451269,2732.8928502007507
7453423,6299.999706203611
7509886,3665.6349390610503
7466575,3885.101678982236
7444924,3640.453900870313
7489165,3405.302354254476
7429984,2838.6745084364957
7429618,2761.411411667297
7486567,7669.380202247633
7485274,2342.305672105348
7457116,2078.511363990357
7438783,2742.086839560451
7502080,2778.7556356653167
7454470,2438.740373251385
7490788,3653.6678103556696
7443976,2713.7338778194344
7479562,2795.5988075796977
7485112,3073.0378047139475
7442071,2740.9899275953435
7470511,1776.14228807238
7487218,3527.860384750826
7432972,2427.987016222767
7491046,2574.4653530063724
7524394,2220.319073590241
7491370,3032.4566843980015
7506109,3012.1646202898114
7477660,2706.7681883589094
7451110,3101.494827997914
7474792,3406.9602485004566
7502992,5381.312340084834
7478068,3394.135787225603
7473682,2503.861846224592
7491622,3599.0131416801664
7461091,2907.7687867092786
7476580,2311.3406264400137
7453150,8652.202366644471
7488859,10495.385216299359
7465219,3274.841500086098
7441102,6117.86796978827
7472515,4138.0641183525995
7505308,4429.900127390412
7440658,1984.3884766184108
7435837,2446.533123901052
7459123,3008.0787477015306
7522858,2682.3372192255524
7497352,2353.9078528412942
7442947,5024.330218356543
7436509,1843.7518027638937
7484401,3079.6752182869527
7503439,2459.3840485964097
7442989,2691.189904658333
7448251,2578.172082528973
7512475,1905.1922568159803
7450600,3076.3837098237736
7481332,2198.381707387904
7507222,2678.026379863281
7461385,2371.524747753173
7524883,4265.502657165846
7524649,2312.3140019084763
7450690,2660.5298390408734
7448083,1617.0917387301092
7459513,12418.351383056983
7465903,2641.1437143711037
7500280,2521.801119011635
7484905,2334.1570921862517
7509226,2743.8190000826758
7499371,1864.158519266199
7439491,3282.5378336878093
7467976,3531.4866345493115
7508863,2898.727164133625
7491850,3090.6075752107786
7503871,2833.874730758507
7452910,1670.2282303432685
7467811,3613.8235780496084
7516741,4553.691506459656
7498858,2083.799591937858
7513468,2575.2604681100606
7445830,3511.849796744576
7455742,2306.9853871952682
7479430,3270.762256234542
7437484,2197.890657620473
7488259,2254.432339652453
7513840,1884.7427885294408
7508869,2224.376451971193
7438165,2197.890657620473
7487062,3305.3174401137544
7489006,6515.979318953962
7472656,2282.2945203895106
7511701,2642.6672471326415
7472305,4032.7277600764414
7460818,2662.511348640964
7450801,9452.35434635883
7509007,1958.0320423719502
7476811,2204.3798386226545
7429573,2496.614460346713
7462699,1991.6269014837237
7430773,3785.102629099922
7439722,3575.2374265561284
7437214,2944.3826409026133
7472626,3365.8990443290713
7458082,4032.8264069028105
7462747,2358.8459353255953
7456501,2224.376451971193
7518223,9374.054499740058
7431256,4110.339097135552
7447234,2285.397385317787
7485256,2566.203314898251
7482604,2808.8547367400492
7465684,6291.550790863968
7472101,4294.000776658251
7465801,2141.4191543893903
7509997,2299.3845502307972
7450765,3172.6051606075907
7517014,2716.028188823436
7514659,4014.475351643652
7495756,4420.791210658857
7506772,11796.057539220039
7522126,9218.428875790823
7429642,1766.8710897489689
7488586,2505.5289828921095
7451968,2980.843091477067
7515244,2050.0685631081665
7451542,2928.5286959957734
7496482,2482.9805415906067
7434934,2842.785071555454
7454527,2093.4100909852873
7468276,2805.6739145753863
7506478,4098.383183706269
7476436,2194.6262248189914
7489594,2997.3761459349494
7515787,2732.3929598282066
7509952,6333.222564168381
7470022,2435.52899075628
7485586,2204.3798386226545
7518733,2784.5398188585377
7503433,2610.091181082941
7456573,1958.0320423719502
7479475,2862.5000562946584
7518010,4008.88969989649
7430416,1958.5812277819653
7455802,3007.1964053173747
7465561,2701.747635719961
7487110,2179.750658858064
7450558,1794.4955409827578
7437844,2553.6607250674792
7455268,2793.9075415742404
7434904,4084.8596607987083
7442146,6199.522616865672
7453879,2717.3948736085504
7486627,2190.2026856464126
7443910,3131.0262389534623
7490113,2228.191943409814
7503376,2195.589633167707
7457374,2197.3312567134667
7464202,3336.2019399108167
7447225,2647.4642511821403
7503760,2938.2664762767836
7521637,1722.2821131282676
7517416,9515.564257363389
7524175,3681.559448981318
7470280,2368.1492495432276
7475284,2393.086393332664
7515019,2984.4255240657885
7472248,3447.6108671804905
7481605,1982.9894211279968
7524526,4376.024243796603
7523734,2597.1706409277117
7441081,3018.5726376216157
7502845,3928.600724881533
7515940,3456.2807648268895
7430905,4262.656067085516
7437691,3705.7538361695033
7466941,11892.36162549223
7469935,2367.1886577087803
7445929,4696.345938736449
7433686,2625.861261365255
7480144,2353.8412962749503
7431577,2554.2007324245546
7461913,4427.07318931372
7431496,2189.1375646546326
7483534,2355.117727863491
7472980,3019.243285262529
7505728,1939.7125415522355
7444189,2612.230721968297
7484170,2344.5847488228187
7490758,2912.5714629085633
7444807,2735.5110632387486
7434505,2883.4898166244107
7512700,3182.36917183385
7460068,3697.738793319249
7487257,2132.2256493854325
7439560,7927.1840163838
7476265,2812.696087144895
7486915,3406.6366610656223
7464712,2459.2540955776467
7456678,2852.1271391912965
7494526,1726.7333392732257
7456456,5437.620057836618
7516969,2206.407044649851
7443802,2323.6050892056865
7518484,2460.08170058747
7481653,2954.424536681594
7428688,2491.4928819089755
7462105,2224.376451971193
7450855,2749.059219453192
7477390,2905.7038207125415
7437619,2374.303405932685
7505182,3940.5887131349104
7502152,4429.0652420135475
7468468,2669.3849523498793
7499068,3354.8327495325616
7473598,2562.9212217960658
7435978,3785.9728708023727
7454617,2259.1569890751484
7458592,4983.341378961987
7498345,3791.2980712315566
7469161,2205.222845669984
7429123,5919.317699770305
7491139,2515.547597498979
7508278,2141.8460771772193
7508305,2343.16107656457
7468786,3172.7084714182347
7485073,8553.69068953008
7485238,2380.8353286556962
7431394,2138.589237416352
7490395,2342.305672105348
7495306,3484.889898291035
7466680,2795.5988075796977
7522534,3730.382931881033
7472080,2762.308461553503
7452982,2083.072187619065
7432177,2939.774458983085
7522867,2575.2604681100606
7499425,3574.8904493447167
7446478,2914.7772560257918
7482628,2903.7817908608176
7510222,14681.692989770469
7491631,2776.846316083694
7518826,1890.4562797710987
7462504,2390.552511474215
7481704,2905.750574091496
7463563,5810.9127667011135
7444018,2007.288304153087
7470001,3006.321572944648
7464829,2693.8242601018574
7507741,2815.251725933311
7456087,3821.5032819059334
7520014,1925.5161401866624
7508188,3230.031128206481
7508848,3689.5356227081547
7514227,2242.7387881531054
7488769,2190.5857718926472
7465051,2529.895875220034
7467199,2356.3556487112637
7518718,3426.713858861034
7456726,3287.049159745704
7441609,4099.705084979024
7513060,2547.3099618225538
7503460,2292.640043540352
7474462,3305.3174401137544
7521337,4271.94121012709
7488574,2938.7458103437966
7525312,2724.9957105730214
7518235,2956.0213594692877
7451428,18219.355779774414
7435873,3064.4422008416946
7518895,2297.3693125446566
7502767,2046.0162667263921
7502851,1731.7201975373248
7441693,5512.682849224801
7497361,2550.126505669146
7468162,2510.5614958573806
7489141,4710.048668435092
7500334,3668.3829547496753
7490977,2464.1779820267902
7429069,2424.009771803793
7449253,2471.6351132733776
7439758,3181.6069133332626
7525588,1801.5190027367446
7497247,2801.0287502287188
7455877,2699.4527121858277
7523554,3308.0469760241504
7467010,2735.2995756833175
7523476,2561.6360801485
7510045,2612.7261711092974
7488484,3062.708639839933
7513144,2343.293297042794
7437904,2305.8856995740343
7473958,3010.847292050594
7450129,3483.238629458956
7506844,3428.1410825566445
7453129,2779.445832328008
7469512,2833.6629040261155
7462486,3165.809330263548
7514677,2249.1468054849097
7515487,2298.0071539603227
7453045,3994.6597230163943
7443655,2328.1274251106365
7460656,2294.837794386627
7430932,3628.1356377434686
7512949,3282.5378336878093
7443067,5788.448355327413
7467298,3607.3401890062296
7474693,6072.340512369908
7510594,2740.9899275953435
7474789,3623.565059180683
7430920,5029.643245273891
7524421,3006.321572944648
7438405,2702.3441079041318
7515538,3280.6228604621233
7444456,2401.209364155723
7444096,2282.5867297096593
7445242,4192.002911584554
7493542,2992.783486212045
7446094,2641.1437143711037
7469536,2562.9212217960658
7436848,2220.8118630294493
7516999,10599.473314544537
7464886,3412.231552428237
7492594,21765.866661946617
7462282,2250.2464931061436
7436443,3594.2203286076196
7516882,2591.3740766990118
7462501,4208.384795846767
7430791,2738.863510350163
7467424,4086.6486798963756
7486549,2294.0793221668346
7507399,2938.7458103437966
7481410,2310.6491774518818
7470349,2240.630418455532
7460911,8476.52813918853
7454692,2513.1298198565805
7438345,4280.5489173096585
7498201,3330.322426531884
7476445,2814.02606622138
7461481,2070.663108929908
7523902,3344.704264379055
7519804,2334.318680389107
7459540,3584.8784162900492
7445677,2808.8547367400492
7438231,5472.129626329522
7503019,3380.091785840119
7471195,4892.416239016147
7471987,2493.597196273347
7496794,3291.4349730485615
7525540,2786.8538064227064
7454461,6639.289353522491
7467763,3474.241364251834
7498036,2114.7646376031926
7507804,3503.464906518339
7495765,3572.8148526203345
7459861,4121.186050673873
7490122,4006.445663285622
7446049,2181.5710428840584
7466326,2720.1418951512387
7508632,2599.5341592071823
7448704,2890.2415158652016
7509469,2394.320272693161
7441246,11296.411177686809
7471120,1610.174623790297
7494949,2616.2559484000467
7523983,2393.086393332664
7477792,2160.6312920866817
7524433,4943.142308788269
7489792,3007.1964053173747
7520962,2151.1932076776234
7499236,1920.8127011090896
7429144,8839.121944814595
7474711,2999.191503543849
7455124,2165.424540532118
7443016,1581.4555694702888
7480876,1853.8360912997737
7443379,2803.0800124942834
7450378,5066.98415002424
